slug,title,shortTitle,abbreviations,host,institution,cluster,clusterName,themes,categories,technicalTags,accessType,accessUrl,docsUrl,sizeTier,formats,updateFrequency,geographyLevel,timeCoverage,keyVariables,bestFor,limitations,pairsWith,exampleUses,flags,seriesSlug,sourceKind,academicBadges,authors,publicationYear,dataDoi,paperDoi,repository
nfhs-1,National Family Health Survey 1 (1992–93),NFHS-1,NFHS-1; NFHS,IIPS / DHS Program,IIPS / MoHFW,health-nutrition,Health & Nutrition,health-nutrition; population-demography; education; households-living,health; demographics; women and children,household survey; microdata; wave-based,registration,https://dhsprogram.com/data/,,Large,microdata; DDI,Wave-based (historical),India; state,1992–93,fertility; family planning; mortality; maternal health,Historical baseline for modern Indian health analysis,Older geography and modules; not district-representative like NFHS-4/5,nfhs-5; srs-statistical-reports; crs-vital-statistics,Long-run fertility and MCH trend reconstruction,,nfhs,,,,,,,
nfhs-2,National Family Health Survey 2 (1998–99),NFHS-2,NFHS-2,IIPS / DHS Program,IIPS / MoHFW,health-nutrition,Health & Nutrition,health-nutrition; population-demography; education; households-living,health; demographics; nutrition,household survey; microdata; wave-based,registration,https://dhsprogram.com/data/,,Large,microdata,Wave-based (historical),India; state,1998–99,fertility; nutrition; family planning; health care,Reproductive and child health studies spanning the late 1990s,State-level focus; limited biomarker modules vs later waves,nfhs-3; nfhs-5; hmis,Comparing RCH indicators before and after NRHM,,nfhs,,,,,,,
nfhs-3,National Family Health Survey 3 (2005–06),NFHS-3,NFHS-3,IIPS / DHS Program,IIPS / MoHFW,health-nutrition,Health & Nutrition,health-nutrition; population-demography; education; households-living,health; HIV; nutrition; gender,household survey; microdata; wave-based,registration,https://dhsprogram.com/data/,,Very large,microdata,Wave-based (historical),India; state,2005–06,HIV testing; fertility; nutrition; women’s status,Public-health and nutrition work needing HIV and women’s status modules,Pre-district-estimate era for many indicators,nfhs-4; nfhs-5; lasi-wave-1,HIV prevalence and gender-health intersection analysis,,nfhs,,,,,,,
nfhs-4,National Family Health Survey 4 (2015–16),NFHS-4,NFHS-4,IIPS / DHS Program,IIPS / MoHFW,health-nutrition,Health & Nutrition,health-nutrition; population-demography; education; households-living,health; demographics; district development,household survey; microdata; district-level; wave-based,registration,https://dhsprogram.com/data/,,Very large,microdata; DDI,Wave-based,India; state; district,2015–16,district indicators; child growth; sanitation; biomarkers,District-comparable health and nutrition baselines before NFHS-5,Single wave; biomarkers subset by design,nfhs-5; hmis; census-pca-2011,District health dashboards and inequality maps,best-district; good-starting,nfhs,,,,,,,
nfhs-5,National Family Health Survey 5 (2019–21),NFHS-5,NFHS-5; NFHS,IIPS / DHS Program,IIPS / MoHFW,health-nutrition,Health & Nutrition,health-nutrition; population-demography; education; households-living,health; demographics; nutrition; gender,household survey; microdata; district-level; wave-based,registration,https://dhsprogram.com/data/,,Very large,microdata; DDI; XML; JSON,Irregular multi-year wave,India; state; district,2019–21,fertility; ANC; immunization; BMI; anemia; blood pressure; glucose; district IDs,Flagship modern district-level household health source,Licensed microdata; multi-year fieldwork complicates single-year claims,hmis; srs-statistical-reports; crs-vital-statistics; nfhs-4,"District development, maternal-child health, NCD screening analyses",good-starting; best-district,nfhs,,,,,,,
dlhs-1,District Level Household Survey 1 (1998–99),DLHS-1,DLHS-1; DLHS,MoHFW / IIPS,MoHFW / IIPS,health-nutrition,Health & Nutrition,health-nutrition; population-demography,health; demographics,household survey; district-level; wave-based,request-only,,,Large,survey documentation; tables,Wave-based (historical),India; district,1998–99,reproductive health; family planning; district indicators,Early district-oriented RCH program evidence,Historical access paths are fragmented,dlhs-4; nfhs-2; hmis,Program history of district RCH monitoring,,dlhs,,,,,,,
dlhs-2,District Level Household Survey 2 (2002–04),DLHS-2,DLHS-2,MoHFW / IIPS / GHDx,MoHFW / IIPS,health-nutrition,Health & Nutrition,health-nutrition; population-demography,health,household survey; microdata; district-level,registration,,,Very large,microdata,Wave-based (historical),India; district,2002–05,service use; reproductive health; child health,District-level RCH evidence in the early 2000s,Documentation quality varies by archive,dlhs-3; nfhs-3; hmis,Service-delivery comparisons across districts,,dlhs,,,,,,,
dlhs-3,District Level Household Survey 3 (2007–08),DLHS-3,DLHS-3,MoHFW / IIPS,MoHFW / IIPS,health-nutrition,Health & Nutrition,health-nutrition; population-demography,health,household survey; microdata; district-level,registration,,,Very large,microdata; documentation,Wave-based (historical),India; district,2007–08,MCH indicators; family planning; service quality,All-district RCH comparisons around NRHM expansion,Superseded for current work by NFHS-4/5,dlhs-4; nfhs-4; hmis,District program evaluation baselines,,dlhs,,,,,,,
dlhs-4,District Level Household Survey 4 (2012–13),DLHS-4,DLHS-4,MoHFW / IIPS / GHDx,MoHFW / IIPS,health-nutrition,Health & Nutrition,health-nutrition; population-demography,health,household survey; microdata; district-level; facility survey,registration,,,Large,microdata,Wave-based (historical),India; district,2012–14,district health indicators; facility-linked measures,Pairing with AHS/NFHS for district health triangulation,Coverage and modules differ from NFHS,nfhs-4; hmis; srs-statistical-reports,District facility and household dual-track analysis,,dlhs,,,,,,,
hmis,Health Management Information System (HMIS),HMIS,HMIS,MoHFW HMIS Portal,MoHFW,health-nutrition,Health & Nutrition,health-nutrition,health; health systems,dashboard; administrative data; monthly,public-dashboard,https://hmis.mohfw.gov.in/,,Very large,portal tables; reports,Monthly / near-real-time,India; state; district; block,Ongoing operational series,births; deaths; immunization; patient counts; drug stocks; infrastructure,High-frequency routine health reporting and facility service use,Administrative quality varies; not a probability sample,nfhs-5; srs-statistical-reports; crs-vital-statistics,Monthly immunization and delivery monitoring,good-starting,,,,,,,,
srs-statistical-reports,Sample Registration System Statistical Reports,SRS,SRS,ORGI / Census,ORGI / Census of India,health-nutrition,Health & Nutrition,health-nutrition; population-demography,demographics; health,PDF report; annual,open-download,https://censusindia.gov.in/,,Medium,PDF,Annual,India; state,Long-running annual series,CBR; CDR; IMR; age composition,Official fertility and mortality rates for states,PDF-first packaging; limited microdata,crs-vital-statistics; nfhs-5; census-pca-2011,Demographic transition and IMR tracking,good-starting,,,,,,,,
crs-vital-statistics,Civil Registration System Vital Statistics,CRS,CRS,ORGI / Census,ORGI / Census of India,health-nutrition,Health & Nutrition,health-nutrition; population-demography,demographics; health,PDF report; annual,open-download,https://censusindia.gov.in/,,Medium,PDF,Annual,India; state,Annual registration outputs,registered births; registered deaths; infant deaths; sex ratios,Civil registration completeness and vital-statistics benchmarks,Registration completeness uneven across states,srs-statistical-reports; nfhs-5; hmis,Birth registration and sex-ratio monitoring,,,,,,,,,
lasi-wave-1,Longitudinal Ageing Study in India (Wave 1),LASI Wave 1,LASI,IIPS / Harvard / USC,IIPS / Harvard / USC,health-nutrition,Health & Nutrition,health-nutrition; population-demography; households-living,health; aging; economics,household survey; panel; microdata,registration,,,Very large,survey files,Planned multi-year waves,India; state,Fieldwork 2017–19 (Wave 1),health; cognition; work; family support; community modules,"National aging, health, and economic support for 45+",Registration-dependent access; Wave 1 is baseline only,lasi-dad; nfhs-5; ihds-ii,"Aging workforce, multimorbidity, care needs",,lasi,,,,,,,
lasi-dad,LASI Diagnostic Assessment of Dementia (LASI-DAD),LASI-DAD,LASI-DAD,USC / LASI-DAD,USC / LASI-DAD,health-nutrition,Health & Nutrition,health-nutrition; population-demography; households-living,health; aging,household survey; microdata; restricted access,data-use-agreement,,,Large,survey files,Specialized follow-on,India,LASI subsample 60+,cognitive tests; informant interview; geriatric assessment; biomarkers,Dementia and cognitive-aging research,DUA required; subsample of LASI,lasi-wave-1; nfhs-5,Cognitive impairment prevalence and risk factors,,lasi,,,,,,,
udise-plus,Unified District Information System for Education Plus,UDISE+,UDISE+; UDISE,DoSE&L / MoE,Ministry of Education,education,Education,education,education,dashboard; administrative data; annual; microdata,public-dashboard,https://udiseplus.gov.in/,,Very large,dashboard; microdata request,Annual school-year cycle,India; state; district; school,Ongoing annual,school profile; infrastructure; teachers; enrolment; exam results,Core school-system infrastructure and enrolment mapping,Microdata often requires request; administrative quality varies,nas-2021; aser; aishe,School facility gaps and GER/NER style tracking,good-starting,,,,,,,,
aishe,All India Survey on Higher Education,AISHE,AISHE,Ministry of Education,Ministry of Education,education,Education,education,education,dashboard; annual; administrative data,public-dashboard,https://aishe.gov.in/,,Large,portal; reports,Annual,India; state; institution,Since 2010–11,teachers; enrolment; programmes; finance; infrastructure,Institution-level higher education system statistics,Less granular on learning outcomes than school assessments,udise-plus; nas-2021,"University capacity, GER in higher education",,,,,,,,,
nas-2021,National Achievement Survey 2021,NAS 2021,NAS,NCERT / PARAKH / MoE,NCERT / MoE,education,Education,education,education; learning outcomes,dashboard; assessment; periodic,public-dashboard,,,Large,dashboard; report cards,Periodic rounds,India; state; district,2021 round (720 districts),test scores; pupil questionnaire; school questionnaire; teacher questionnaire,Strongest official learning-outcome assessment at district scale,Periodic not annual; sample design constraints,udise-plus; aser,Learning poverty and district performance comparisons,best-district,,,,,,,,
aser,Annual Status of Education Report (ASER),ASER,ASER,ASER Centre / Pratham,ASER Centre / Pratham,education,Education,education,education; learning outcomes,household survey; annual; PDF report,open-download,https://www.asercentre.org/,,Large,reports; tables,Annual or thematic rounds,India; state; rural,Ongoing rural series,enrolment; reading; arithmetic; school report card items,Independent rural learning assessment counterpoint to admin data,Primarily rural; tool differs from NAS,udise-plus; nas-2021,Foundational literacy and numeracy trends,good-starting,,,,,,,,
plfs-annual-2023-24,Periodic Labour Force Survey Annual 2023–24,PLFS Annual,PLFS,NSO / MoSPI,NSO / MoSPI,labour-employment,Labour & Employment,labour-employment; households-living; education,labor; wages; human capital,household survey; microdata; annual,registration,https://microdata.gov.in/NADA/index.php/catalog/213,https://microdata.gov.in/NADA/index.php/catalog/PLFS,Very large,microdata; DDI; XML; JSON,Annual,India; state; rural; urban,July 2023–June 2024,WPR; LFPR; UR; industry; occupation; earnings; hours,India’s baseline labor-market dataset,Registration for microdata; do not stack with pre-2017 EUS without redesign caveats,plfs-quarterly-2025; hces-2023-24; time-use-survey-2024; cmie-cphs,"Employment, unemployment, and wage analysis",good-starting,nss-plfs,,,,,,,
plfs-quarterly-2025,PLFS Quarterly / Calendar Year Releases,PLFS Quarterly,PLFS,NSO / MoSPI,NSO / MoSPI,labour-employment,Labour & Employment,labour-employment; households-living; education,labor,household survey; microdata; quarterly,registration,https://microdata.gov.in/NADA/index.php/catalog/284,https://microdata.gov.in/NADA/index.php/catalog/PLFS,Very large,microdata; DDI,Quarterly / calendar annualized,India; urban; rural,2025 calendar and quarterly extracts,activity status; employment indicators; household files,Short-term labor turning points,Not a substitute for July–June annual microdata; design refresh from 2025,plfs-annual-2023-24; cmie-cphs; iip,Near-term labor market nowcasting,,nss-plfs,,,,,,,
time-use-survey-2024,Time Use Survey 2024,TUS 2024,TUS,NSO / MoSPI,NSO / MoSPI,labour-employment,Labour & Employment,labour-employment; households-living; health-nutrition,labor; women and children,household survey; microdata,registration,https://microdata.gov.in/NADA/index.php/catalog/236,https://microdata.gov.in/NADA/index.php/catalog/223,Large,microdata; DDI; XML; JSON,Episodic,India,January–December 2024,paid work; unpaid care; domestic services; learning; leisure,Strongest official source for care and unpaid work,Episodic survey; not annual—compare carefully to 2019 TUS,plfs-annual-2023-24; hces-2023-24; nfhs-5,Care economy and gender time allocation,,nss-tus,,,,,,,
hces-2022-23,Household Consumption Expenditure Survey 2022–23,HCES 2022–23,HCES,NSO / MoSPI,NSO / MoSPI,labour-employment,Labour & Employment,households-living; markets-prices; labour-employment,consumption; poverty; prices,household survey; microdata,registration,https://microdata.gov.in/NADA/index.php/catalog/224,https://microdata.gov.in/NADA/index.php/catalog/CEXP,Very large,microdata; DDI,Special round,India; state,2022–23,MPCE; food items; non-food items; quantity/value,Post-pandemic consumption benchmark,Methodological differences vs NSS 68th (2011–12) CES; multi-visit design,hces-2023-24; cpi-combined; plfs-annual-2023-24,Welfare measurement and CPI weight research,,nss-hces,,,,,,,
hces-2023-24,Household Consumption Expenditure Survey 2023–24,HCES 2023–24,HCES,NSO / MoSPI,NSO / MoSPI,labour-employment,Labour & Employment,households-living; markets-prices; labour-employment,consumption; poverty; prices,household survey; microdata; annual,registration,https://microdata.gov.in/NADA/index.php/catalog/237,https://microdata.gov.in/NADA/index.php/catalog/CEXP,Very large,microdata; DDI; report,Annualized special release,India; state,2023–24 (fielding window Aug 2023–Jul 2024 in official notes),MPCE fractiles; item quantity/value; food and non-food,Essential welfare measurement and CPI weights,Registration required; large multi-level files; bridge carefully to 2011–12,hces-2022-23; cpi-combined; plfs-annual-2023-24; ihds-ii,"Poverty, inequality, and consumption baskets",good-starting,nss-hces,,,,,,,
ihds-i,India Human Development Survey I (2004–05),IHDS-I,IHDS; IHDS-I,UMD / NCAER,University of Maryland / NCAER,labour-employment,Labour & Employment,households-living; labour-employment; education; health-nutrition,consumption; labor; education; health,household survey; panel; microdata,registration,https://ihds.umd.edu/,,Very large,survey files,Panel baseline,India,"2004–05 (41,554 households)",health; education; employment; assets; caste; social capital,Exceptionally broad multi-topic household baseline,Older wave; free academic registration,ihds-ii; nfhs-3; plfs-annual-2023-24,"Caste, gender, education, and welfare intersections",good-starting,ihds,,,,,,,
ihds-ii,India Human Development Survey II (2011–12),IHDS-II,IHDS-II,UMD / NCAER,University of Maryland / NCAER,labour-employment,Labour & Employment,households-living; labour-employment; education; health-nutrition,consumption; labor; education,household survey; panel; microdata,registration,https://ihds.umd.edu/,,Very large,survey files,Panel wave,India,"2011–12 (42,152 households)",income; consumption; agriculture; education; programs,Medium-run panel analysis with IHDS-I,Pre-2010s labor market; not a substitute for PLFS,ihds-i; hces-2023-24; plfs-annual-2023-24,Household change over time and program access,,ihds,,,,,,,
cmie-cphs,CMIE Consumer Pyramids Household Survey,CMIE CPHS,CPHS; CMIE,CMIE,CMIE,labour-employment,Labour & Employment,labour-employment; households-living,labor; consumption; incomes,household survey; panel; restricted access,paid-subscription,https://consumerpyramidsdx.cmie.com/,,Very large,proprietary panel,Continuous waves,India,Since 2014 (170k+ households),household panel; incomes; employment; consumption,High-frequency private household panel for labor and welfare,Paid subscription; not open data,plfs-annual-2023-24; hces-2023-24; cmie-prowessdx,Monthly employment and income dynamics,,,,,,,,,
cmie-prowessdx,CMIE ProwessDX,ProwessDX,Prowess; CMIE,CMIE,CMIE,labour-employment,Labour & Employment,labour-employment; firms-industry; banking-finance; public-finance,firms; finance; macroeconomy,restricted access; firm panel,paid-subscription,https://prowessdx.cmie.com/,,Very large,proprietary database,Regularly updated,India; firm,Many series from 1990s,P&L; balance sheet; ratios; share prices; corporate actions,Company financials and listed-firm research,Paid; coverage skewed to formal/registered firms,asi-2023-24; asuse-2023-24; rbi-dbie,"Firm performance, leverage, and market studies",,,,,,,,,
asuse-2023-24,Annual Survey of Unincorporated Sector Enterprises 2023–24,ASUSE 2023–24,ASUSE,NSO / MoSPI,NSO / MoSPI,labour-employment,Labour & Employment,firms-industry; labour-employment,firms; MSMEs,survey microdata; annual,registration,https://microdata.gov.in/NADA/index.php/catalog/238,https://microdata.gov.in/NADA/index.php/catalog/ENT,Large,microdata; DDI,Annual,India,2023–24,establishment traits; output; value added; employment,Unincorporated non-agricultural establishments and informal MSMEs,Registration; not factory-sector ASI; schedule differs from 67th/73rd,asi-2023-24; plfs-annual-2023-24,Informal enterprise structure and productivity,,nss-asuse,,,,,,,
asi-2023-24,Annual Survey of Industries 2023–24,ASI 2023–24,ASI,NSO / MoSPI,NSO / MoSPI,labour-employment,Labour & Employment,firms-industry; labour-employment,firms; manufacturing,survey microdata; annual,registration,https://microdata.gov.in/NADA/index.php/catalog/256,https://microdata.gov.in/NADA/index.php/catalog/ASI,Very large,microdata; DDI; XML; JSON,Annual,India; state,2023–24,ownership; fixed assets; labor cost; inputs; outputs,Standard organized manufacturing / factory sector analysis,Registered factories only; frame and NIC codes change across decades,asuse-2023-24; iip; cmie-prowessdx,"Industrial structure, GVA, employment in factories",,nss-asi,,,,,,,
national-accounts-statistics,National Accounts Statistics,NAS (Macro),NAS; GDP; GVA,MoSPI / eSankhyiki,MoSPI,labour-employment,Labour & Employment,labour-employment; public-finance,macroeconomy,annual; portal tables,open-download,https://www.mospi.gov.in/,,Medium,tables; downloads,Official series (annual/quarterly releases),India; state,Long macro time series,GDP; GVA; national income; sectoral aggregates,Macro anchor for national and state analysis,Revisions and base-year changes require care,iip; cpi-combined; rbi-dbie,Growth accounting and sectoral GVA,good-starting,,,,,,,,
iip,Index of Industrial Production,IIP,IIP,MoSPI / eSankhyiki,MoSPI,labour-employment,Labour & Employment,labour-employment; public-finance; firms-industry,macroeconomy; firms,monthly; portal tables,open-download,https://www.mospi.gov.in/,,Medium,portal download,Monthly,India,Monthly industrial tracker,index; growth rate; category; base year,Cyclical industry monitoring,Index not levels of output value,asi-2023-24; national-accounts-statistics; wpi,Business-cycle and manufacturing pulse,,,,,,,,,
cpi-combined,Consumer Price Index (Combined),CPI Combined,CPI,MoSPI / eSankhyiki,MoSPI,labour-employment,Labour & Employment,labour-employment; markets-prices; public-finance,prices; macroeconomy,monthly; portal tables,open-download,https://www.mospi.gov.in/,,Medium,portal; press releases,Monthly,India; state,Ongoing monthly,rural CPI; urban CPI; combined; groups/sub-groups,"Inflation, deflators, and household price pressure",Item detail depends on published breakdowns,hces-2023-24; wpi; agmarknet,Real wage and poverty line updates,good-starting,,,,,,,,
wpi,Wholesale Price Index,WPI,WPI; PPI,Office of Economic Adviser,DPIIT / OEA,labour-employment,Labour & Employment,labour-employment; markets-prices; public-finance,prices; macroeconomy,monthly; open download,open-download,,,Medium,downloadable series,Monthly,India,Long multi-base series,commodity groups; linked base years; WPI/PPI,Production-side inflation lens,Base-year links needed for long history,cpi-combined; iip; agmarknet,Producer price pass-through studies,,,,,,,,,
rbi-dbie,RBI Database on Indian Economy,RBI DBIE,DBIE; RBI,RBI,Reserve Bank of India,labour-employment,Labour & Employment,labour-employment; banking-finance; public-finance,finance; macroeconomy; banking,time series; portal; open download,open-download,https://dbie.rbi.org.in/,,Large,Excel; CSV; PDF,Series-dependent,India,Long macro-financial history,real sector; financial markets; external sector; public finance,Default reference for finance-facing macro series,Portal UX and series codes change over time,national-accounts-statistics; cpi-combined; cmie-prowessdx,"Banking, credit, and external sector charts",good-starting,,,,,,,,
agriculture-census-2015-16,Agriculture Census 2015–16,Ag Census 2015–16,Agriculture Census,Agriculture Census Division,Ministry of Agriculture,agriculture-rural,Agriculture & Rural Economy,agriculture-rural,agriculture; land,public tables; quintennial,open-download,https://agcensus.nic.in/,,Large,tables; reports,Quintennial,India; state,2015–16,operational holdings; size class; irrigation; tenancy; land use,Canonical farm-structure baseline,Tables/reports more than unit-level microdata,input-survey-2016-17; agmarknet; imd-rainfall,Landholding distribution and irrigation status,good-starting,agriculture-census,,,,,,,
agriculture-census-2021-22,Agriculture Census 2021–22,Ag Census 2021–22,Agriculture Census,Agriculture Census Division,Ministry of Agriculture,agriculture-rural,Agriculture & Rural Economy,agriculture-rural,agriculture; land,public reports; quintennial,open-download,https://agcensus.nic.in/,,Large,reports,Quintennial,India; state,2021–22,operational holdings; census process fields,Newest agriculture-census cycle as tables roll out,Release completeness may lag by table,input-survey-2022-23; agriculture-census-2015-16,Updated farm structure comparisons,,agriculture-census,,,,,,,
input-survey-2016-17,Input Survey 2016–17,Input Survey 2016–17,Input Survey,Agriculture Census Division,Ministry of Agriculture,agriculture-rural,Agriculture & Rural Economy,agriculture-rural,agriculture,public report; periodic,open-download,,,Large,report; manual,Periodic,India,2016–17,fertilizers; pesticides; manures; irrigated crops,Operational holding input-use evidence,Report-oriented packaging,agriculture-census-2015-16; soil-health-card; cost-of-cultivation,Input intensity and irrigation practices,,input-survey,,,,,,,
input-survey-2022-23,Input Survey 2022–23,Input Survey 2022–23,Input Survey,Agriculture Census Division,Ministry of Agriculture,agriculture-rural,Agriculture & Rural Economy,agriculture-rural,agriculture,periodic; public manual,open-download,,,Large,manual; reporting system,Periodic,India,2022–23,fertilizers; HYV seeds; pesticides; bio-inputs,Technology and input use linked to latest census cycle,Outputs may arrive as manuals/reports first,agriculture-census-2021-22; soil-health-card,Modern input adoption tracking,,input-survey,,,,,,,
sas-ag-households-2019,Situation Assessment of Agricultural Households 2019,SAS 2019,SAS; SAS 77th,NSO / MoSPI,NSO / MoSPI,agriculture-rural,Agriculture & Rural Economy,agriculture-rural; households-living,agriculture; incomes,household survey; microdata,registration,https://microdata.gov.in/NADA/index.php/catalog/157,https://microdata.gov.in/NADA/index.php/catalog/134,Very large,microdata; DDI,Episodic,India; rural,Jan–Dec 2019 (77th round),income; debt; assets; farming practices; schemes,Essential farm household economics,Episodic (~decade spacing); concepts of farmer vs agricultural household change across rounds,agriculture-census-2015-16; cost-of-cultivation; hces-2023-24,"Farm income, indebtedness, technology adoption",good-starting,nss-sas,,,,,,,
cost-of-cultivation,Cost of Cultivation of Principal Crops,Cost of Cultivation,CACP; CCS,DES / DACFW,DES / DACFW,agriculture-rural,Agriculture & Rural Economy,agriculture-rural,agriculture,annual; official scheme,open-download,,,Large,scheme summaries; plot-level summaries,Annual but lagged,India; state,Multi-state crop-cost series,A2+FL; C2 costs; labor; machinery; fertilizer,MSP analysis and crop economics,Lagged; complex cost constructs,sas-ag-households-2019; agmarknet; enam-dashboard,Cost of production vs market prices,,,,,,,,,
agmarknet,Agmarknet Mandi Prices,Agmarknet,Agmarknet,DACFW,Ministry of Agriculture,agriculture-rural,Agriculture & Rural Economy,agriculture-rural; markets-prices; trade-commerce,agriculture; prices,dashboard; daily; public,public-dashboard,https://agmarknet.gov.in/,,Very large,portal,Near-daily,India; state; district; mandi,Operational daily series,mandi; commodity; arrivals; min/modal/max price; date,Daily agricultural price discovery,Coverage and quality vary by mandi/commodity,enam-dashboard; cpi-combined; imd-rainfall,Price transmission and market integration,good-starting,,,,,,,,
enam-dashboard,eNAM Trade Dashboard,eNAM,eNAM,SFAC / MoAFW,SFAC / MoAFW,agriculture-rural,Agriculture & Rural Economy,agriculture-rural; trade-commerce; markets-prices,agriculture; prices,dashboard; operational,public-dashboard,,,Very large,dashboard,Operational updates,India; state; APMC,Ongoing electronic mandi network,APMC; commodity; prices; arrivals; traded quantity,Electronic market integration research,Dashboard-first; not always bulk download friendly,agmarknet; cost-of-cultivation,Inter-market trade and price spreads,,,,,,,,,
soil-health-card,Soil Health Card,Soil Health Card,SHC,DACFW,Ministry of Agriculture,agriculture-rural,Agriculture & Rural Economy,agriculture-rural,agriculture,dashboard; operational,public-dashboard,,,Large,dashboard; application,Periodic operational,India; farm holding,Ongoing mission data,N; P; K; S; micronutrients; organic carbon; pH; EC,Nutrient and soil condition monitoring,Operational data quality and coverage vary,input-survey-2016-17; agriculture-census-2015-16,Agro-environmental and fertilizer policy,,,,,,,,,
minor-irrigation-census-6,6th Minor Irrigation Census,MI Census 6,MIC,Ministry of Jal Shakti / OGD,Ministry of Jal Shakti,agriculture-rural,Agriculture & Rural Economy,agriculture-rural; environment-climate,agriculture; water,open data; census,open-download,https://data.gov.in/,,Large,zip; API via OGD,Census cycle,India; village,Reference year 2017–18,scheme type; ownership; holding size; utilization,Village-level irrigation asset mapping,Census lag; not daily water levels,india-wris-reservoirs; cgwb-groundwater; agriculture-census-2015-16,Irrigation infrastructure GIS joins,,,,,,,,,
crime-in-india,Crime in India,Crime in India,NCRB Crime,NCRB,NCRB,politics-governance,Politics & Governance,politics-governance; crime-justice; health-nutrition,crime; policing; gender,PDF report; annual,open-download,https://ncrb.gov.in/,,Large,PDF,Annual,India; state; city,Annual official series,IPC/SLL cases; victims; crime type; state/UT,Official annual crime reference,PDF tables; reporting artifacts across states,prison-statistics-india; adsi; njdg; acled-india; varshney-wilkinson-riots; gtd-terrorism,Crime trends and gender-violence monitoring,good-starting,,,,,,,,
prison-statistics-india,Prison Statistics India,Prison Statistics,PSI,NCRB,NCRB,politics-governance,Politics & Governance,politics-governance; crime-justice,justice; crime,PDF report; annual,open-download,https://ncrb.gov.in/,,Medium,PDF,Annual,India; state,Annual,capacity; occupancy; prisoner composition; staff,Prison system monitoring series,PDF packaging,crime-in-india; njdg,Overcrowding and incarceration composition,,,,,,,,,
adsi,Accidental Deaths and Suicides in India,ADSI,ADSI,NCRB,NCRB,politics-governance,Politics & Governance,politics-governance; crime-justice; health-nutrition,crime; health; public safety,PDF report; annual,open-download,https://ncrb.gov.in/,,Medium,PDF,Annual,India; state,Annual,suicides; accidental deaths; causes; occupation,Social risk and public safety mortality series,Cause coding and under-reporting caveats,crime-in-india; road-accidents-india; nfhs-5,Suicide and accident risk analysis,,,,,,,,,
njdg,National Judicial Data Grid,NJDG,NJDG,eCourts / Department of Justice,Department of Justice,politics-governance,Politics & Governance,crime-justice; politics-governance,justice; governance,dashboard; near-real-time,public-dashboard,https://njdg.ecourts.gov.in/,,Very large,dashboard,Daily / near-real-time,India; state; district; taluka,Live operational series,instituted; pending; disposed; case type; delay reasons,Live judicial system observatory,Dashboard-first; bulk research extracts can be hard,crime-in-india; prison-statistics-india,Pendency and disposal performance,good-starting,,,,,,,,
eci-general-election-reports,ECI General Election Statistical Reports,ECI Lok Sabha Reports,ECI,Election Commission of India,ECI,politics-governance,Politics & Governance,politics-governance,elections,PDF report; XLSX; election-cycle,open-download,https://eci.gov.in/,,Medium,PDF; XLSX,Election-cycle,India; constituency,Lok Sabha elections over time,electors; turnout; candidates; votes; winners,Official parliamentary election results archive,Report packaging differs by year,myneta; lok-dhaba; eci-assembly-election-reports,Turnout and party performance history,good-starting,,,,,,,,
eci-assembly-election-reports,ECI Assembly Election Statistical Reports,ECI Assembly Reports,ECI AC,Election Commission of India,ECI,politics-governance,Politics & Governance,politics-governance,elections,PDF report; XLSX; election-cycle,open-download,https://eci.gov.in/,,Medium,PDF; XLSX,Election-cycle,state; assembly constituency,State assembly elections,AC electors; turnout; parties; winners,State politics and redistricting histories,Fragmented across state election cycles,eci-general-election-reports; lok-dhaba; myneta,Vidhan Sabha competition analysis,,,,,,,,,
myneta,MyNeta Candidate Affidavits,MyNeta,MyNeta; ADR,ADR / MyNeta,ADR,politics-governance,Politics & Governance,politics-governance,elections,web profiles; election-cycle,public-dashboard,https://myneta.info/,,Large,web profiles,Election-cycle,India; constituency,Candidate affidavits across elections,assets; liabilities; education; criminal cases; party,Candidate-level transparency from affidavits,Structured bulk extract is DIY; not official ECI dump,eci-general-election-reports; lok-dhaba,Criminality and wealth of candidates,,,,,,,,,
lok-dhaba,Lok Dhaba,Lok Dhaba,Lok Dhaba; TCPD,TCPD / Ashoka University,TCPD / Ashoka University,politics-governance,Politics & Governance,politics-governance,elections,research archive; downloadable,open-download,https://lokdhaba.ashoka.edu.in/,,Large,datasets,Research archive updates,India; constituency,From 1962 onward (LS & VS),results; constituency history; candidate/party trajectories,Long-run legislative politics research dataset,Academic packaging; always cross-check contested cells,eci-general-election-reports; myneta; varshney-wilkinson-riots; acled-india,Party systems and incumbent trajectories,good-starting,,,,,,,,
imd-rainfall,IMD Gridded Rainfall,IMD Rainfall,IMD,IMD Pune,India Meteorological Department,environment-climate,Environment & Climate,environment-climate; agriculture-rural,climate; agriculture; hydrology,raster grid; open download; daily,open-download,https://www.imdpune.gov.in/,,Very large,NetCDF; binary,Updated annually (historical grid),India; grid,1901–2024 (0.25° daily),daily rainfall; lat-long grid; mm,Standard national rainfall grid for hydro-climatic work,Large files; toolchains needed for NetCDF/binary,imd-temperature; india-wris-reservoirs; agmarknet,"Drought, monsoon, crop-weather analysis",good-starting,,,,,,,,
imd-temperature,IMD Gridded Temperature,IMD Temperature,IMD Temp,IMD Pune,India Meteorological Department,environment-climate,Environment & Climate,environment-climate; agriculture-rural; health-nutrition,climate; agriculture; health,raster grid; open download; daily,open-download,https://www.imdpune.gov.in/,,Very large,binary; tools,Updated annually,India; grid,1951–2024 (1° daily),daily max temperature; daily min temperature,"Heat, crop stress, and mortality-related climate work",Coarser grid than rainfall product,imd-rainfall; cpcb-aqi; nfhs-5,Heatwave exposure studies,,,,,,,,,
cpcb-aqi,CPCB AQI / CAAQMS Repository,CPCB AQI,CPCB; AQI; CAAQMS,CPCB,Central Pollution Control Board,environment-climate,Environment & Climate,environment-climate; health-nutrition; urban-development,air quality; health; urban environment,public portal; real-time; station,public-dashboard,https://airquality.cpcb.gov.in/,,Very large,portal; repository,Real-time and historical,India; city; station,From ~2015 onward (network growth),AQI; PM2.5; PM10; NO2; O3; timestamp,Real-time and historical air pollution analytics,Station density uneven; QA needed for research,census-pca-2011; road-accidents-india; nfhs-5,Urban pollution exposure and health correlations,good-starting,,,,,,,,
india-wris-reservoirs,India-WRIS Reservoir Module,India-WRIS Reservoirs,WRIS,CWC / NWIC,CWC / NWIC,environment-climate,Environment & Climate,environment-climate,water; irrigation; hydrology,dashboard; daily; WebGIS,public-dashboard,,,Medium,WebGIS dashboard,Daily,India; reservoir,Operational daily storage,storage; level; inflow/outflow; location; date,Daily water storage monitoring,Dashboard packaging; export workflows vary,cgwb-groundwater; imd-rainfall; minor-irrigation-census-6,Reservoir stress and irrigation season tracking,,,,,,,,,
cgwb-groundwater,CGWB Groundwater Level Monitoring,CGWB Groundwater,CGWB,CGWB / NWIC,CGWB,environment-climate,Environment & Climate,environment-climate,water; hydrology; climate,portal; quarterly,public-dashboard,,,Large,web portal,Quarterly monitoring,India; station,Long-running national network,pre/post monsoon levels; station; quarter,National groundwater network time series,Access paths through WRIS/WIMS can change,india-wris-reservoirs; imd-rainfall; jjm-dashboard,Groundwater depletion and adaptation,,,,,,,,,
cea-installed-capacity,CEA Installed Capacity Reports,CEA Capacity,CEA,CEA,Central Electricity Authority,environment-climate,Environment & Climate,environment-climate; infrastructure-transport,energy; infrastructure,monthly; PDF; Excel,open-download,https://cea.nic.in/,,Medium,PDF; Excel,Monthly,India; state; region,Ongoing monthly,installed MW; source; sector; state,Official electricity capacity benchmark,PDF/XLS packaging,npp-grid-india; national-accounts-statistics,Power mix and capacity expansion,good-starting,,,,,,,,
npp-grid-india,National Power Portal / GRID-INDIA Daily Generation,NPP / GRID-INDIA,NPP; GRID-INDIA,NPP / GRID-INDIA,NPP / GRID-INDIA,environment-climate,Environment & Climate,environment-climate,energy,dashboard; daily,public-dashboard,,,Medium,dashboard,Daily operational,India,Ongoing daily,generation; demand; transmission; source splits,Public demand-generation snapshot for electricity operations,Dashboard-first operational UI,cea-installed-capacity; rbi-dbie,Daily power system monitoring,,,,,,,,,
road-accidents-india,Road Accidents in India,Road Accidents,MoRTH Accidents,MoRTH,Ministry of Road Transport & Highways,environment-climate,Environment & Climate,environment-climate; infrastructure-transport; crime-justice,transport; public safety,PDF report; annual,open-download,,,Large,PDF,Annual,India; state,Annual official series,accidents; deaths; injuries; road category; road user type,Official road-safety series,PDF tables; under-reporting caveats,adsi; pmgsy-dashboard; cpcb-aqi,Road safety policy evaluation,,,,,,,,,
pmgsy-dashboard,PMGSY Dashboard,PMGSY,PMGSY,Ministry of Rural Development,MoRD,environment-climate,Environment & Climate,environment-climate; infrastructure-transport; agriculture-rural,transport; infrastructure; rural services,dashboard; mission,public-dashboard,,,Medium,dashboard,Regularly refreshed,India; state,Mission build-out progress,km; roads sanctioned/completed; habitations; financial progress,All-weather rural road connectivity progress,Dashboard metrics not full road network GIS,jjm-dashboard; sbm-g-dashboard; census-pca-2011,Rural accessibility and mission tracking,,,,,,,,,
dgca-monthly-traffic,DGCA Monthly Traffic Statistics,DGCA Traffic,DGCA,DGCA,DGCA,environment-climate,Environment & Climate,environment-climate; infrastructure-transport,transport; aviation,PDF; monthly,open-download,,,Medium,PDF,Monthly,India; city-pair,Strong from mid-2010s,passengers; freight; mail; carrier traffic,Domestic aviation traffic monitoring,PDF-first monthly packs,road-accidents-india; national-accounts-statistics,Aviation recovery and city-pair demand,,,,,,,,,
jjm-dashboard,Jal Jeevan Mission Dashboard,JJM,JJM,DDWS,Department of Drinking Water & Sanitation,environment-climate,Environment & Climate,environment-climate; agriculture-rural; politics-governance,water; rural services; governance,dashboard; mission,public-dashboard,,,Medium,dashboard,Operationally refreshed,India; state; panchayat; village,Mission operational period,households; tap connections; Har Ghar Jal status,Rural tap-water service-delivery tracking,Mission definitions and verification stages matter,sbm-g-dashboard; cgwb-groundwater; pmgsy-dashboard,Village service coverage maps,good-starting,,,,,,,,
sbm-g-dashboard,Swachh Bharat Mission–Grameen Dashboard,SBM-G,SBM-G; SBM,DDWS,Department of Drinking Water & Sanitation,environment-climate,Environment & Climate,environment-climate; social-protection; agriculture-rural,sanitation; rural services,dashboard; mission,public-dashboard,,,Medium,dashboard,Operationally refreshed,India; district; block; GP; village,Mission operational period,ODF Plus status; verification stages; GPs/villages,Rural sanitation progress and ODF-Plus tracking,Self-reported mission metrics need triangulation,jjm-dashboard; nfhs-5; census-pca-2011,Sanitation coverage vs health outcomes,,,,,,,,,
census-pca-2011,Census Primary Census Abstract 2011,Census PCA 2011,PCA; Census 2011,ORGI / Census of India,Census of India,environment-climate,Environment & Climate,population-demography; labour-employment; education; environment-climate,demographics; labor; literacy,public tables; small-area,open-download,https://censusindia.gov.in/,,Very large,tables; query tools,Decennial (2011 wave),India; state; district; village; town,2011,population; sex; literacy; workers; SC/ST; households,Small-area demographic base layer until next full PCA is fully available,Aging base year; 2021 delayed,district-census-handbook; nfhs-5; cpcb-aqi,Village/town denominators and literacy maps,good-starting; best-district,,,,,,,,
district-census-handbook,District Census Handbook / Village Directory,DCHB / Village Directory,DCHB,ORGI / Census of India,Census of India,environment-climate,Environment & Climate,environment-climate; population-demography; infrastructure-transport,demographics; housing; infrastructure,PDF; district books,open-download,https://censusindia.gov.in/,,Very large,PDF; handbooks,Decennial,district; village,2011 books,amenities; roads; power; medical; education; households,Rural amenities and settlement studies,PDF-heavy; extraction effort,census-pca-2011; pmgsy-dashboard; jjm-dashboard,Village amenity access analysis,,,,,,,,,
bhuvan-thematic,Bhuvan Thematic Datasets,Bhuvan,Bhuvan; NRSC,NRSC / ISRO,NRSC / ISRO,environment-climate,Environment & Climate,environment-climate; geospatial-remote-sensing; agriculture-rural,geospatial; land; hydrology,geospatial vector; raster; OGC,public-dashboard,https://bhuvan.nrsc.gov.in/,,Very large,GIS layers; OGC; clip-and-ship,Product-dependent,India,Multiple thematic product years,LULC; urban land use; wasteland; water bodies; flood layers,India-wide thematic spatial layers for GIS workflows,Product-specific licenses and access steps,wastelands-atlas-2019; landsat-collection-2; sentinel-2-l2a,Land use change and hazard layers,,,,,,,,,
wastelands-atlas-2019,Wastelands Atlas 2019,Wastelands Atlas,Wastelands Atlas,DoLR / NRSC,Department of Land Resources / NRSC,environment-climate,Environment & Climate,environment-climate; agriculture-rural; geospatial-remote-sensing,land; ecology; geospatial,atlas; downloadable,open-download,,,Medium,atlas; district/state sections,Atlas edition,India; state; district,2019 atlas,wasteland classes; 23 classes,Land-degradation analysis,Atlas snapshot not continuous monitoring,bhuvan-thematic; agriculture-census-2015-16,Degraded land mapping,,,,,,,,,
geoboundaries-india,geoBoundaries India,geoBoundaries India,geoBoundaries,geoBoundaries / W&M geoLab,geoBoundaries,environment-climate,Environment & Climate,environment-climate; geospatial-remote-sensing,geospatial,geospatial vector; open license,open-download,https://www.geoboundaries.org/,,Medium,GeoJSON; shapefile,Versioned releases,ADM0–ADMn,Versioned boundary releases,admin geometries; metadata; license,Open-license administrative boundaries when official shapefiles are limited,Not an official Survey of India product,osm-india; census-pca-2011; nfhs-5,Choropleth basemaps and spatial joins,good-starting,,,,,,,,
osm-india,OpenStreetMap India Extract,OSM India,OSM,OSM / Geofabrik,OpenStreetMap,environment-climate,Environment & Climate,environment-climate; geospatial-remote-sensing; infrastructure-transport,geospatial; transport,geospatial vector; open; rolling,open-download,https://download.geofabrik.de/asia/india.html,,Very large,PBF; shapefile,Rolling updates,India,Continuous community map,roads; rail; water; POIs; routeable network,"Web maps, routing, and POI layers",Completeness varies by region and feature class,geoboundaries-india; pmgsy-dashboard; bhuvan-thematic,Accessibility and network analysis,good-starting,,,,,,,,
landsat-collection-2,Landsat Collection 2,Landsat C2,Landsat,USGS / NASA,USGS / NASA,environment-climate,Environment & Climate,environment-climate; geospatial-remote-sensing; agriculture-rural,remote sensing; land; water,raster grid; open download,open-download,https://www.usgs.gov/landsat-missions,,Very large,multispectral scenes; cloud access,Mission continuous,global including India,From 1972 (mission-dependent),surface reflectance; QA bands; geometry,Longest consistent Earth-observation record for land-change work,Cloud cover; large storage/compute,sentinel-2-l2a; bhuvan-thematic,Urban growth and surface water change,,,,,,,,,
sentinel-2-l2a,Sentinel-2 Level-2A,Sentinel-2 L2A,Sentinel-2,Copernicus / ESA,ESA / Copernicus,environment-climate,Environment & Climate,environment-climate; geospatial-remote-sensing; agriculture-rural,remote sensing; agriculture; urban,raster grid; open download,open-download,https://dataspace.copernicus.eu/,,Very large,multispectral scenes,~5-day revisit,global including India,From 2015,10m/20m/60m bands; scene metadata; geometry,High-resolution optical workhorse for crops and cities,Clouds; account/service rules on Copernicus,landsat-collection-2; agmarknet; bhuvan-thematic,Crop monitoring and urban expansion,,,,,,,,,
un-comtrade,UN Comtrade (Comtrade Plus) — India Merchandise Trade,UN Comtrade,Comtrade; UN Comtrade,UN Statistics Division,United Nations,trade-commerce,Trade & Commerce,trade-commerce; international-india; firms-industry; public-finance,trade; macroeconomy; international,bilateral trade; HS codes; open portal,registration,https://comtradeplus.un.org/,https://uncomtrade.org/docs/home-page/,Very large,bulk download; API; CSV,Monthly / annual (as reporters revise),India as reporter/partner; bilateral; HS product,From 1962 (annual); monthly for recent decades,reporter/partner; HS commodity code; trade flow (import/export); value (USD); quantity / net weight,Gold-standard HS-level bilateral merchandise trade with India as reporter or partner,Reporter–partner asymmetries; free API/download quotas; services trade is thinner than goods,wits-india; cepii-baci; dgcis-ftddp; commerce-tradestat; unctadstat,"India’s product–partner export baskets, China–India trade balances, HS-level gravity work",good-starting,,government,,,,,,
wits-india,World Integrated Trade Solution (WITS) — India Profile,WITS India,WITS,World Bank / UNCTAD,World Bank,trade-commerce,Trade & Commerce,trade-commerce; international-india; firms-industry,trade; tariffs; international,trade + tariffs; portal; UN Comtrade / TRAINS,registration,https://wits.worldbank.org/CountryProfile/en/IND,https://wits.worldbank.org/,Very large,portal extracts; bulk download,As source databases update,India; partner countries; product,Multi-decade (varies by indicator),exports / imports; trade balance; MFN and applied tariffs; partner and product shares; NTMs (via TRAINS modules),India trade + tariff + protection indicators in one interface built on Comtrade/TRAINS,Aggregations can differ from raw Comtrade; registration for bulk; not a substitute for DGCIS customs micro-detail,un-comtrade; unctadstat; wto-stats; dgcis-ftddp,Tariff incidence on Indian imports; partner concentration; trade openness series,good-starting,,government,,,,,,
unctadstat,UNCTADstat Data Hub — India Trade & Development Indicators,UNCTADstat,UNCTADstat; UNCTAD,UNCTAD,United Nations Conference on Trade and Development,trade-commerce,Trade & Commerce,trade-commerce; international-india; public-finance,trade; development; international; macroeconomy,indicator database; open portal,open-download,https://unctadstat.unctad.org/,https://unctad.org/statistics,Large,data centre extracts; country profiles,Regular statistical releases,India; global comparators,Multi-decade (series-dependent),merchandise and services trade; FDI; commodity prices; maritime / creative economy series; development indicators,"Cross-country UNCTAD series on India’s trade, investment, and structural development",Indicator level (not full HS micro-trade); definitions differ from MoSPI national accounts,un-comtrade; wits-india; wto-stats; world-bank-wdi-india,India FDI inflows vs peers; services export growth; commodity price shocks,,,government,,,,,,
wto-stats,"WTO Stats — Merchandise, Services & Tariffs (India)",WTO Stats,WTO Stats,World Trade Organization,WTO,trade-commerce,Trade & Commerce,trade-commerce; international-india,trade; tariffs; international,official WTO indicators; open portal,open-download,https://stats.wto.org/,https://www.wto.org/english/res_e/statis_e/statis_e.htm,Large,portal tables; export,Annual / quarterly / monthly by series,India; WTO members,Long multi-decade series (varies),merchandise trade; commercial services; bound / applied / preferential tariffs; regional integration indicators,Official WTO-consistent India trade and tariff time series for policy and comparative work,More aggregated than Comtrade HS-6; services definitions follow BPM/EBOPS conventions,un-comtrade; wits-india; unctadstat,India tariff bindings vs applied rates; services trade balances,,,government,,,,,,
cepii-baci,CEPII BACI — Reconciled Bilateral Trade (HS-6),CEPII BACI,BACI; CEPII,CEPII,CEPII (France),trade-commerce,Trade & Commerce,trade-commerce; international-india; firms-industry,trade; international,reconciled bilateral; HS-6; research database,registration,https://www.cepii.fr/CEPII/en/bdd_modele/bdd_modele_item.asp?id=37,,Very large,research extracts; HS-6 bilateral files,Periodic releases (lags Comtrade ~1–2 years),~200 countries including India; HS-6 product,From ~1995 (release-dependent),exporter i→j exports; HS-6 product; value and quantity; reconciled reporter/partner flows,Academic gravity / network trade work needing reconciled India bilateral HS-6 flows,Not official Indian customs; lags live Comtrade; registration / license terms apply,un-comtrade; wits-india; asi-2023-24,India product-space / export sophistication; bilateral trade networks,,,academic-reference,core-reference,,,,,
dgcis-ftddp,DGCIS Foreign Trade Data Dissemination Portal (India),DGCIS FTDDP,DGCIS; FTDDP; DGCI&S,DGCI&S / Ministry of Commerce,Directorate General of Commercial Intelligence and Statistics,trade-commerce,Trade & Commerce,trade-commerce; firms-industry; markets-prices; public-finance,trade; macroeconomy,official Indian customs; principal commodities,registration,https://ftddp.dgciskol.gov.in/dgcis/,https://www.dgciskol.gov.in/,Very large,portal extracts; principal commodity tables,Monthly (quick estimates → finalized),India; customs zone; partner / commodity,Contemporary monthly series (portal coverage expands over time),exports / imports; principal commodities; partner country; customs zone; value and quantity,Official Government of India merchandise trade statistics from the customs statistical authority,Portal UX/registration; principal-commodity free tier vs deeper paid/historical products historically,commerce-tradestat; un-comtrade; wits-india; wpi,Official monthly Indian export/import tracking; commodity-wise EXIM,good-starting,,government,,,,,,
commerce-tradestat,Department of Commerce TRADESTAT / EIDB (India EXIM),TRADESTAT,TRADESTAT; EIDB,Department of Commerce,Ministry of Commerce and Industry,trade-commerce,Trade & Commerce,trade-commerce; firms-industry; public-finance,trade; macroeconomy,export-import databank; public dashboard,public-dashboard,https://tradestat.commerce.gov.in/,,Large,web tables; commodity / country queries,Regular FY updates,India; partner; commodity group,Recent fiscal years (portal shows multi-year span),exports; imports; commodity-wise EXIM; country-wise EXIM; FTAs / preferential views (portal modules),Quick official EXIM tables by commodity and partner without full DGCIS micro extracts,Dashboard/query tool—not full research microdata; definitions follow Commerce presentation,dgcis-ftddp; un-comtrade; wits-india,Country-wise export shares; commodity group EXIM for briefings,,,government,,,,,,
world-bank-wdi-india,World Bank World Development Indicators (India),WDI India,WDI,World Bank,World Bank,international-india,International Datasets Covering India,international-india; trade-commerce; public-finance; households-living,development; macroeconomy; international,indicator panel; open download,open-download,https://data.worldbank.org/country/india,https://databank.worldbank.org/source/world-development-indicators,Large,CSV; API; DataBank,Regular bulk updates,India; international comparators,1960–present (series-dependent),GDP and growth; trade % of GDP; poverty / social indicators; education and health aggregates; infrastructure series,Cross-country macro and development series for India in a standard World Bank panel,National aggregates—not district microdata; some series lag or are modeled estimates,national-accounts-statistics; unctadstat; un-comtrade; hces-2023-24,India vs peers dashboards; long-run growth and trade openness,good-starting,,government,,,,,,
imf-dots,IMF Direction of Trade Statistics (DOTS) — India,IMF DOTS,DOTS; IMF DOTS,IMF,International Monetary Fund,trade-commerce,Trade & Commerce,trade-commerce; international-india; public-finance,trade; macroeconomy; international,bilateral aggregates; IMF,registration,https://data.imf.org/,https://data.imf.org/?sk=9d6028d4-f14a-464c-a2f2-59b2cd424b85,Large,IMF data portal; bulk,Monthly / annual releases,India; partner countries,Multi-decade bilateral aggregates,exports to partner; imports from partner; trade balance; period (month/year),Consistent IMF bilateral trade aggregates for India when HS product detail is not required,Not HS product-level; methodology differs from Comtrade/DGCIS; portal access rules apply,un-comtrade; wits-india; world-bank-wdi-india,India bilateral trade balances with major partners over decades,,,government,,,,,,
acled-india,ACLED — Armed Conflict Location & Event Data (India),ACLED India,ACLED,ACLED,Armed Conflict Location & Event Data Project,crime-justice,Crime & Justice,crime-justice; politics-governance,conflict; protest; governance; crime,event data; geocoded; near real-time,registration,https://acleddata.com/country/india,https://acleddata.com/conflict-data,Very large,CSV; API; curated Asia-Pacific files,Twice weekly (global); curated regional files weekly,India; subnational; point locations,Asia coverage from ~2010s (check current India start date on portal),event type / sub-event; actors; fatalities; location and admin names; dates; source notes,"Near real-time political violence, battles, riots, and protest events in India with coordinates",myACLED registration; media bias and coding rules; not a long 1950–90s communal-riot panel like Varshney–Wilkinson,gdelt; ucdp-ged; gtd-terrorism; varshney-wilkinson-riots; crime-in-india,District protest/violence trends; civilian targeting; election-period unrest,good-starting,,academic-reference,core-reference,,,,,
gdelt,"GDELT — Global Database of Events, Language, and Tone (India filter)",GDELT,GDELT,GDELT Project,GDELT Project,international-india,International Datasets Covering India,international-india; crime-justice; politics-governance,conflict; protest; international; governance,machine-coded events; BigQuery; news firehose,open-download,https://www.gdeltproject.org/,https://blog.gdeltproject.org/,Very large,BigQuery; raw CSV dumps; DOC 2.0 / GKG,Near real-time (15-minute updates historically),global including India; geocoded when available,From 1979 (1.0) / modern GDELT 2.0 continuous,CAMEO event codes; actors; Goldstein scale; tone; locations; source URLs,High-frequency machine-coded news events mentioning India when volume and latency matter more than hand-coding,Huge files; false positives and media bias; not expert-validated like ACLED/UCDP; India extracts need careful filtering,acled-india; ucdp-ged; gtd-terrorism; varshney-wilkinson-riots,Media-attention shocks; protest keyword spikes; cross-border event networks,,,academic-reference,core-reference,,,,,
ucdp-ged,UCDP Georeferenced Event Dataset (GED) — India coverage,UCDP GED,UCDP; UCDP GED,Uppsala Conflict Data Program,Uppsala University,crime-justice,Crime & Justice,crime-justice; international-india,conflict; international,organized violence; geocoded events; academic,open-download,https://ucdp.uu.se/downloads/,https://ucdp.uu.se/,Large,CSV; Rdata; geocoded tables,Annual major versions (+ interim updates),India; point / admin when known,From 1989 (GED global series),event ID; date; latitude/longitude; deaths (best/low/high); side A / side B; conflict dyad IDs,"Academic standard for organized lethal violence events (state-based, non-state, one-sided) including India",Stricter fatality/organization thresholds than ACLED; slower than near-real-time monitors; not communal-riot census for 1950–95,acled-india; gtd-terrorism; gdelt; varshney-wilkinson-riots,Organized armed violence trends; spatial conflict econometrics,good-starting,,academic-reference,core-reference,,,,,
gtd-terrorism,Global Terrorism Database (GTD) — India incidents,GTD,GTD,START / University of Maryland,National Consortium for the Study of Terrorism and Responses to Terrorism,crime-justice,Crime & Justice,crime-justice; international-india,terrorism; conflict; crime,incident database; academic,registration,https://www.start.umd.edu/gtd/,,Large,Excel / CSV downloads,Periodic major releases (not daily),India; city / coordinates when available,From 1970 (with known gaps e.g. 1993 in classic releases),date; location; perpetrator group; attack type; target type; weapons; casualties,Incident-level terrorism research with India as a high-volume country in the global GTD,Definition of terrorism; coding lags; registration; not a substitute for ACLED protest data or Varshney–Wilkinson communal riots,acled-india; ucdp-ged; crime-in-india; varshney-wilkinson-riots,Naxal / separatist / communal terror incident counts; target-type analysis,,,academic-reference,core-reference,,,,,
em-dat-india,EM-DAT International Disaster Database (India filter),EM-DAT India,EM-DAT,CRED / UCLouvain,Centre for Research on the Epidemiology of Disasters,environment-climate,Environment & Climate,environment-climate; international-india,disasters; climate; international,disaster events; registration,registration,https://www.emdat.be/,,Medium,Excel extracts,Continuous with periodic public releases,India; subnational when coded,From 1900 (modern criteria stricter),disaster type; dates; deaths; affected population; damages; location,"Comparable international disaster event series for floods, cyclones, droughts, and quakes in India",Entry thresholds; damages often incomplete; not a substitute for IMD event meteorology,imd-rainfall; imd-temperature; acled-india; world-bank-wdi-india,Disaster frequency/severity panels; climate impact correlators,,,academic-reference,,,,,,
indian-census-collection-1901-2026,"Indian Census Data Collection, 1901–2026: Digitised Subnational Population and Administrative Datasets",Census Collection 1901–2026,Census 1901–2026,Harvard Dataverse,Harvard Dataverse,health-nutrition,Health & Nutrition,population-demography; health-nutrition; geospatial-remote-sensing,demographics; geospatial,reference; historical; district-level; open download,open-download,https://doi.org/10.7910/DVN/ON8CP8,,Very large,tabular; PDF codebooks,Collection deposit (2026),India; state; district; subdistrict,1901–2026,state population; district population; subdistrict population; administrative identifiers,Long-run harmonized subnational census and administrative geography for India,Exact license string and full file manifest not confirmed in source audit (NR); verify on Dataverse landing page,census-pca-2011; district-pop-estimates-2020,Historical demography and district panel construction,good-starting; best-district,,academic-reference,core-reference; metadata-incomplete,Shivakumar Jolad; Madhav Singh,2026,10.7910/DVN/ON8CP8,,Harvard Dataverse
district-pop-estimates-2020,"Population Estimates for Districts and Parliamentary Constituencies in India, 2020",District & PC Pop. 2020,Pop Estimates 2020,Harvard Dataverse,Harvard Dataverse,health-nutrition,Health & Nutrition,population-demography; politics-governance; health-nutrition,demographics; elections,reference; district-level,open-download,https://doi.org/10.7910/DVN/RXYJR6,,Medium,tabular,One-time estimates (2020),India; district; parliamentary constituency,2020,district population; parliamentary constituency population,District and parliamentary constituency population estimates aligned to contemporary geography,License NR in source audit; verify on Dataverse,indian-census-collection-1901-2026; eci-general-election-reports,Per-capita rates and electoral denominators,good-starting; best-district,,academic-reference,core-reference; metadata-incomplete,Weiyu Wang; Rockli Kim; S. V. Subramanian,2021,10.7910/DVN/RXYJR6,,Harvard Dataverse
electoral-criminality-2004-2009,Electoral Performance and Criminal Status of Candidates Contesting the 2004 and 2009 Parliamentary Elections to the Lok Sabha,Electoral Criminality 2004–09,Golden candidates,Harvard Dataverse / ICPSR,Miriam Golden,politics-governance,Politics & Governance,politics-governance; crime-justice,elections; crime,candidate-level; reference,open-download,https://doi.org/10.7910/DVN/26863,https://doi.org/10.3886/ICPSR35512.v1,Large,tabular,"Historical archive (2004, 2009 elections)",India; constituency,Lok Sabha 2004 and 2009,candidate election results; criminal charges; Lok Sabha candidates,Candidate-level parliamentary election and criminality data for 2004 and 2009,License NR on Harvard; ICPSR terms may apply,myneta; lok-dhaba; eci-general-election-reports,Criminal candidates and electoral performance,good-starting,,academic-reference,core-reference; metadata-incomplete,Miriam Golden,2015,10.7910/DVN/26863,,Harvard Dataverse / ICPSR
access-2015,Access to Clean Cooking Energy and Electricity: Survey of States in India (ACCESS 2015),ACCESS 2015,ACCESS 2015,Harvard Dataverse / CEEW,CEEW / academic collaborators,environment-climate,Environment & Climate,environment-climate; households-living; health-nutrition,energy; consumption; health,household survey; microdata,open-download,https://doi.org/10.7910/DVN/0NV9LF,,Very large,survey microdata,Wave (2015),India; state; household,2015 — six energy-poor states,electricity access; cooking fuels; service quality; expenditure; socio-economic fields,Major household survey on electricity and clean cooking access in six Indian states,CEEW notes non-commercial free use; verify exact repository license on landing page,access-2018; ires-2020; replication-aklin-cheng-urpelainen-2021,Energy poverty and service quality analysis,good-starting,access-energy,academic-survey,survey-microdata,Michaël Aklin; Chao-yo Cheng; Karthik Ganesan; Abhishek Jain; Johannes Urpelainen,2016,10.7910/DVN/0NV9LF,,Harvard Dataverse
access-2018,Access to Clean Cooking Energy and Electricity: Survey of States in India 2018 (ACCESS 2018),ACCESS 2018,ACCESS 2018,Harvard Dataverse / CEEW,CEEW / academic collaborators,environment-climate,Environment & Climate,environment-climate; households-living; health-nutrition,energy; consumption,household survey; panel; microdata,open-download,https://doi.org/10.7910/DVN/AHFINM,,Very large,survey microdata,Wave (2018 follow-up),India; state; household,2018 — six Indian states panel update,energy access; cooking outcomes; electricity outcomes; panel household links,Follow-up panel round for India’s leading multidimensional energy-access survey,Exact repository license NR; CEEW describes non-commercial reuse,access-2015; ires-2020; gender-energy-perception-2021,Changes in access and reliability between waves,good-starting,access-energy,academic-survey,survey-microdata,,2019,10.7910/DVN/AHFINM,,Harvard Dataverse
ires-2020,India Residential Energy Survey (IRES) 2020,IRES 2020,IRES,Harvard Dataverse,CEEW / academic collaborators,environment-climate,Environment & Climate,environment-climate; households-living,energy; consumption,household survey; microdata,open-download,https://doi.org/10.7910/DVN/U8NYUP,,Very large,survey microdata,Survey round 2020,India; district; state; household,2020 — 152 districts in 21 large states (~97% population),energy access; consumption; electricity reliability; cooking and heating; appliances; efficiency,"Pan-India household energy survey on access, reliability, appliances, and fuel use",License NR in source audit,access-2015; access-2018; gender-energy-perception-2021,National energy access and appliance ownership maps,good-starting,,academic-survey,survey-microdata; metadata-incomplete,Shalu Agrawal; Sunil Mani; Abhishek Jain; Karthik Ganesan; Johannes Urpelainen,2021,10.7910/DVN/U8NYUP,,Harvard Dataverse
gender-energy-perception-2021,Gender Perception Survey for Energy Access and Use,Gender Energy Survey,Gender Energy,Harvard Dataverse,Academic collaborators,environment-climate,Environment & Climate,environment-climate; households-living; health-nutrition,energy; gender; health,household survey; microdata,open-download,https://doi.org/10.7910/DVN/GV85BL,,Large,survey microdata,One survey (published 2021),India; state; household,"2,312 rural and urban-slum households; six states",gendered energy perceptions; empowerment dimensions; household energy use,"Gender perceptions, empowerment, and energy access across six Indian states",License NR; Nature Energy notes anonymous public data,access-2015; access-2018; ires-2020,Gender and energy access research,,,academic-survey,survey-microdata; metadata-incomplete,,2021,10.7910/DVN/GV85BL,,Harvard Dataverse
tafssa-nalanda-2023,TAFSSA District Agrifood Systems Assessment in India 2023,TAFSSA Nalanda 2023,TAFSSA,Harvard Dataverse,CGIAR / collaborators,agriculture-rural,Agriculture & Rural Economy,agriculture-rural; health-nutrition,agriculture; nutrition; gender,district survey; microdata,open-download,https://doi.org/10.7910/DVN/5MAC6B,,Large,survey modules,Fieldwork Mar–Apr 2023,district; household,"Nalanda district, Bihar, 2023",household modules; adolescent modules; food systems; markets; diets; climate risk; gender,"District agrifood systems microdata linking production, diets, markets, and resilience",Single-district; license field NR in audit,sas-ag-households-2019; agriculture-census-2015-16,Food systems and diet quality in rural Bihar,,,academic-survey,survey-microdata; metadata-incomplete,,2024,10.7910/DVN/5MAC6B,,Harvard Dataverse
replication-bhavnani-lee-2018,Local Embeddedness and Bureaucratic Performance: Evidence from India (replication),Bhavnani & Lee 2018,JOP 2018 replication,Harvard Dataverse,Journal of Politics replication,politics-governance,Politics & Governance,politics-governance; population-demography,governance; demographics,replication package; district-level,open-download,https://doi.org/10.7910/DVN/TWDSBW,https://doi.org/10.1086/694101,Large,replication package,Article package (2018),India; district,District panel; ~two decades of IAS career histories,district public-goods outcomes; IAS officer embeddedness; postings; career history,District panel linking locally embedded IAS officers to public-goods provision,License NR; code language NR in audit,census-pca-2011; district-pop-estimates-2020,Bureaucracy and public goods research,,,replication,replication; metadata-incomplete,Rikhil R. Bhavnani; Alexander Lee,2018,10.7910/DVN/TWDSBW,10.1086/694101,Harvard Dataverse
replication-kapoor-magesan-2018,Independent Candidates and Political Representation in India (replication),Kapoor & Magesan 2018,APSR 2018,APSR Dataverse,American Political Science Review,politics-governance,Politics & Governance,politics-governance,elections,replication package; constituency-level,open-download,https://doi.org/10.7910/DVN/AJHFHU,https://doi.org/10.1017/S0003055418000199,Medium,replication package; online appendix PDF,Article package (2018),India; parliamentary constituency,Election periods around candidate-deposit changes,independent candidates; turnout; vote shares; coalition outcomes; ethnic-party outcomes,"Constituency-level election data on independent candidacies, turnout, and representation",License NR; variable list partly inferred from abstract,lok-dhaba; eci-general-election-reports; electoral-criminality-2004-2009,Electoral rules and representation,,,replication,replication; metadata-incomplete,Sacha Kapoor; Arvind Magesan,2018,10.7910/DVN/AJHFHU,10.1017/S0003055418000199,APSR Dataverse
replication-aklin-cheng-urpelainen-2021,Inequality in Policy Implementation: Caste and Electrification in Rural India (replication),Aklin et al. 2021,JPP 2021,Journal of Public Policy Dataverse,JPP Dataverse,environment-climate,Environment & Climate,environment-climate; politics-governance,energy; governance,replication package,open-download,https://doi.org/10.7910/DVN/KBTHZH,https://doi.org/10.1017/S0143814X20000045,Medium,replication package; supplementary PDF,Article package (2021),India; rural,Rural India (ACCESS-linked),electrification outcomes; caste identifiers; rural household/service variables; implementation measures,Rural electrification and caste inequality replication materials,License NR; cross-references underlying ACCESS survey,access-2015; access-2018,Caste and energy access policy implementation,,,replication,replication; metadata-incomplete,Michaël Aklin; Chao-Yo Cheng; Johannes Urpelainen,2021,10.7910/DVN/KBTHZH,10.1017/S0143814X20000045,JPP Dataverse
replication-dugoua-liu-urpelainen-2017,Geographic and Socio-Economic Barriers to Rural Electrification (dataset / replication),Dugoua et al. 2017,Energy Policy 2017,Harvard Dataverse,Energy Policy–linked,environment-climate,Environment & Climate,environment-climate; geospatial-remote-sensing,energy; geospatial,replication; village-level,open-download,https://doi.org/10.7910/DVN/K1IUNQ,https://doi.org/10.1016/j.enpol.2017.03.048,Medium,dataset record,Article/dataset (2017),India; village,Indian villages (article period),village electrification status; geographic barriers; socio-economic indicators; political participation,Village-level electrification barriers combining geography and socio-economics,License/formats NR; code language not visible,access-2015; ires-2020,Rural electrification determinants,,,replication,replication; metadata-incomplete,Eugenie Dugoua; Ruinan Liu; Johannes Urpelainen,2017,10.7910/DVN/K1IUNQ,10.1016/j.enpol.2017.03.048,Harvard Dataverse
replication-besley-burgess-2000,"Land Reform, Poverty Reduction, and Growth: Evidence from India",Besley & Burgess 2000,QJE 2000,Harvard Dataverse,QJE classic archive,agriculture-rural,Agriculture & Rural Economy,agriculture-rural; households-living; public-finance,agriculture; poverty; macroeconomy,archived dataset; state-panel,open-download,https://doi.org/10.7910/DVN/JWRHCK,https://doi.org/10.1162/003355300554809,Medium,archived dataset,Historical classic (2000 paper),India; state,Post-independence state panel,land-reform measures; poverty; growth; state controls,"Canonical state panel on land reform, poverty, and growth",Variables partly inferred; license/code NR,agriculture-census-2015-16; hces-2023-24,Land reform and poverty research,good-starting,,replication,replication; core-reference; metadata-incomplete,Timothy Besley; Robin Burgess,2000,10.7910/DVN/JWRHCK,10.1162/003355300554809,Harvard Dataverse
replication-karlan-mullainathan-roth-2019,Debt Traps? Market Vendors and Moneylender Debt in India and the Philippines,Karlan et al. 2019,AER Insights 2019,OpenICPSR / AEA / Harvard Dataverse,AEA,labour-employment,Labour & Employment,banking-finance; labour-employment,finance; labor,replication package; microdata,open-download,https://doi.org/10.3886/E116321V1,https://doi.org/10.1257/aeri.20180030,Medium,Stata .dta; replication archive,Article package (2019),India; Philippines,Market vendor study period (article),vendor debt; borrowing; loan sources; market-vendor outcomes,Market-vendor debt microdata with India merged Stata file and official journal archive,OpenICPSR distributed as received; code language partly NR,hces-2023-24; plfs-annual-2023-24,Informal credit and debt traps,,,replication,replication,Dean Karlan; Sendhil Mullainathan; Benjamin N. Roth,2019,10.3886/E116321V1,10.1257/aeri.20180030,OpenICPSR / AEA
replication-kyle-sampat-shadlen-2026,"TRIPS, Pharmaceutical Patents, and Generic Competition in India (replication)",Kyle et al. 2026,Health Affairs Scholar 2026,Harvard Dataverse,Health Affairs Scholar,health-nutrition,Health & Nutrition,health-nutrition; firms-industry,health; firms,replication package; mixed access,open-download,https://doi.org/10.7910/DVN/5V5UOO,https://doi.org/10.1093/haschl/qxaf239,Medium,replication package,Article package (2026),India,Pharmaceutical markets (article period),pharmaceutical patents; generic competition; market outcomes,Patent and generic-competition replication with mixed public and restricted market data,IQVIA Ark and MIDAS inputs restricted by commercial agreement — mixed package,asi-2023-24,Pharma competition and IP policy,,,replication,replication; mixed-restricted,Margaret K. Kyle; Bhaven N. Sampat; Kenneth C. Shadlen,2026,10.7910/DVN/5V5UOO,10.1093/haschl/qxaf239,Harvard Dataverse
replication-stainier-shah-barreca-2026,"Hot Weather, Undernutrition, and Adaptation in Rural India (replication)",Stainier et al. 2026,JAERE 2026,Harvard Dataverse,JAERE,environment-climate,Environment & Climate,environment-climate; health-nutrition; agriculture-rural,climate; nutrition; agriculture,replication package,open-download,https://doi.org/10.7910/DVN/MCUQWV,https://doi.org/10.1086/739115,Medium,replication package,Article package (2026),India; rural,Rural India (article),nutrition; weather shocks; adaptation behavior; agricultural season,Rural India heat-and-nutrition replication package,License/code language NR,imd-temperature; nfhs-5; hces-2023-24,Climate and child undernutrition,,,replication,replication; metadata-incomplete,Paul Stainier; Manisha Shah; Alan Barreca,2026,10.7910/DVN/MCUQWV,10.1086/739115,Harvard Dataverse
replication-adbi-agarwal-ghosh-2026,Noise and Learning: Evidence from India (replication),Adbi et al. 2026,Noise & Learning 2026,Harvard Dataverse,University of Chicago Press journal,education,Education,education; environment-climate,education; air quality,replication package,open-download,https://doi.org/10.7910/DVN/0UVLWW,https://doi.org/10.1086/742218,Medium,replication package,Article package (2026),India,India (article),noise pollution; student / academic outcomes,Noise pollution and student-performance replication package,License/code language NR; variables inferred from abstract,nas-2021; aser; cpcb-aqi,Environment and learning outcomes,,,replication,replication; metadata-incomplete,Arzi Adbi; Sumit Agarwal; Pulak Ghosh,2026,10.7910/DVN/0UVLWW,10.1086/742218,Harvard Dataverse
india-renewable-energy-2010-2025,"India Renewable Energy Dataset: Solar PV and Wind Capacity, Cost, and Policy Data 2010–2025",RE Capacity 2010–2025,India RE,Harvard Dataverse,Harvard Dataverse,environment-climate,Environment & Climate,environment-climate; infrastructure-transport; public-finance,energy; macroeconomy,time series; project-specific,open-download,https://doi.org/10.7910/DVN/GJNVJE,,Medium,tabular,Deposit covering 2010–2025,India; state,2010–2025,solar PV capacity; wind capacity; costs; policy variables,"Solar and wind capacity, costs, and policy changes over time",New deposit; license/files NR — metadata-light,cea-installed-capacity; npp-grid-india; ires-2020,Renewable energy policy research,,,academic-project,metadata-incomplete,,2026,10.7910/DVN/GJNVJE,,Harvard Dataverse
covid-r-estimates-india,National and Subnational Estimates of the Covid-19 Reproduction Number for India Based on Test Results,Covid R Estimates,Covid R,Harvard Dataverse,Harvard Dataverse,health-nutrition,Health & Nutrition,health-nutrition,health,time series; epidemiology,open-download,https://doi.org/10.7910/DVN/PLLOXR,,Medium,tabular,Covid-era deposit (2021),India; subnational,Covid era,reproduction number R; test-based estimates,National and subnational Covid-19 R estimates from test results,License/formats NR,hmis; nfhs-5,Epidemic monitoring research,,,academic-project,metadata-incomplete,,2021,10.7910/DVN/PLLOXR,,Harvard Dataverse
asti-india,ASTI India database,ASTI India,ASTI,Harvard Dataverse,Agricultural Science and Technology Indicators,agriculture-rural,Agriculture & Rural Economy,agriculture-rural,agriculture,indicators,open-download,https://doi.org/10.7910/DVN/MDNRRV,,Medium,indicators,ASTI series (2015 deposit),India,Research-system statistics (ASTI),agricultural research system indicators,India-focused agricultural research-system indicators,Authors/license NR in indexed metadata,agriculture-census-2015-16,Ag R&D capacity tracking,,,academic-project,metadata-incomplete,,2015,10.7910/DVN/MDNRRV,,Harvard Dataverse
pratham-read-india,Pratham Information Project — Read India,Read India (Pratham),Read India,Harvard Dataverse,Pratham-related archive,education,Education,education,education,program data,open-download,https://doi.org/10.7910/DVN/CHDLPN,,Medium,program dataset,2009 deposit,India,Read India program period,literacy program indicators,Early education-program dataset tied to Pratham’s Read India,Metadata sparse; variables inferred from title,aser; nas-2021,Program evaluation context for literacy,,,academic-project,metadata-incomplete,,2009,10.7910/DVN/CHDLPN,,Harvard Dataverse
india-treaty-registry,"Nested Treaties Database: India Treaty Registry v2.0, 1948–2026",India Treaty Registry,Treaty Registry,Harvard Dataverse,Harvard Dataverse,politics-governance,Politics & Governance,politics-governance; international-india,governance,legal data; reference,open-download,https://doi.org/10.7910/DVN/1YHDXE,,Medium,tabular,v2.0 (2026),India,1948–2026,treaty IDs; dates; subject matter; linkage fields,India treaty-registry reference dataset,License/formats NR,india-treaty-nesting,International law and IR research,,,academic-project,metadata-incomplete,,2026,10.7910/DVN/1YHDXE,,Harvard Dataverse
india-treaty-nesting,"Nested Treaties Database: India Nesting Dataset, Version 1.0",India Treaty Nesting,Treaty Nesting,Harvard Dataverse,Harvard Dataverse,politics-governance,Politics & Governance,politics-governance; international-india,governance,relational data,open-download,https://doi.org/10.7910/DVN/Q5WP09,,Medium,tabular,v1.0 (2026),India,Companion to treaty registry,nesting relationships among treaties,India treaty-nesting relational dataset,License/formats NR; use with treaty registry,india-treaty-registry,Treaty network analysis,,,academic-project,metadata-incomplete,,2026,10.7910/DVN/Q5WP09,,Harvard Dataverse
health-survey-andhra-2013,"Health Survey of Andhra Pradesh, India, 2013",AP Health Survey 2013,AP Health 2013,Harvard Dataverse,Harvard Dataverse,health-nutrition,Health & Nutrition,health-nutrition,health,household survey; state-data,open-download,https://doi.org/10.7910/DVN/26302,,Large,survey microdata,2013 survey (2014 deposit),Andhra Pradesh; household,2013,family/household health survey fields,State health survey microdata for Andhra Pradesh,Authors/license NR; variables inferred,nfhs-4; hmis,State health system analysis,,,academic-survey,survey-microdata; metadata-incomplete,,2014,10.7910/DVN/26302,,Harvard Dataverse
varshney-wilkinson-riots,"Varshney–Wilkinson Dataset on Hindu–Muslim Violence in India, 1950–1995 (v2)",Varshney–Wilkinson Riots,Varshney–Wilkinson; VW riots; ICPSR 4342,ICPSR,Ashutosh Varshney (Michigan) & Steven Wilkinson (Duke),crime-justice,Crime & Justice,crime-justice; politics-governance,riots; conflict; governance; crime,event data; newspaper-coded; district/town,registration,https://www.icpsr.umich.edu/web/ICPSR/studies/4342,https://www.ashutoshvarshney.net/datasets,Medium,ICPSR data files; codebook,Historical deposit (v2); extensions by later authors,India; state; district; town/village,January 1950 – December 1995,"riot date and duration; location (town/village, district, state); killed / injured / arrested; reported proximate cause; official involvement / policing notes",Canonical long-run Hindu–Muslim riot panel for Indian political economy and ethnic conflict research,Times of India (Bombay edition) source base; ends 1995 in original ICPSR v2; later papers extend coding (e.g. to 2000/2006/2010) but those extensions are separate deposits—not the ICPSR file itself,acled-india; ucdp-ged; gtd-terrorism; gdelt; crime-in-india; lok-dhaba; eci-general-election-reports,District riot onset/intensity; elections and ethnic violence; civic life vs riot propensity,good-starting,,academic-reference,core-reference; survey-microdata,Ashutosh Varshney; Steven I. Wilkinson,2006,10.3886/ICPSR04342.v1,,ICPSR
gh-datameet-maps,DataMeet Maps — India administrative & electoral boundaries,datameet/maps,DataMeet maps,GitHub,DataMeet,github-community,GitHub & Community Data,geospatial-remote-sensing; politics-governance,geospatial; elections,shapefile; community; github,open-download,https://github.com/datameet/maps,,Large,Shapefile; project docs,Community-maintained,India; state; district; constituency,Long-running civic map projects,admin boundaries; electoral maps; field documentation,Discovery of India map layers with field docs and references,CC BY 4.0 at repo level; individual datasets may have different upstream terms,gh-india-geodata; gh-indian-admin-boundaries; geoboundaries-india,Web maps and choropleths,good-starting,,github-community,github-repo; core-reference,,,,,datameet/maps
gh-datameet-municipal,DataMeet Municipal Spatial Data (wards & municipalities),Municipal Spatial Data,DataMeet municipal,GitHub,DataMeet,urban-development,Urban Development,urban-development; geospatial-remote-sensing; politics-governance,geospatial; governance,spatial; urban; github,open-download,https://github.com/datameet/Municipal_Spatial_Data,,Large,spatial files,Updated Feb 2024 (verified in audit),city; ward; municipality,Multi-city municipal collection,ward boundaries; municipal polygons,Municipal ward and city spatial layers,License not always surfaced; show city-level provenance,gh-datameet-maps; osm-india,Urban governance maps,,,github-community,github-repo; metadata-incomplete,,,,,datameet/Municipal_Spatial_Data
gh-india-geodata,india-geodata — multi-format India geospatial releases,india-geodata,india-geodata,GitHub,yashveeeeeeer,geospatial-remote-sensing,Geospatial & Remote Sensing,geospatial-remote-sensing; population-demography; politics-governance,geospatial; demographics; elections,releases; pmtiles; github; portal,open-download,https://github.com/yashveeeeeeer/india-geodata,,Very large,GeoJSON; PMTiles; releases; portal,Active 2025–2026 releases,India; state; district,55+ datasets across domains,boundaries; census layers; electoral; environment,Modern multi-dataset India geodata portal with release packaging,Dataset-level licenses vary; always show upstream license,gh-datameet-maps; gh-indian-admin-boundaries; gh-nightlights-viirs,Product maps and analytical basemaps,good-starting,,github-community,github-repo; core-reference,,,,,yashveeeeeeer/india-geodata
gh-indian-admin-boundaries,"indian_admin_boundaries — admin, postal, forest & more",indian_admin_boundaries,ramSeraph boundaries,GitHub,ramSeraph,geospatial-remote-sensing,Geospatial & Remote Sensing,geospatial-remote-sensing,geospatial,releases; vector tiles; github,open-download,https://github.com/ramSeraph/indian_admin_boundaries,,Very large,release assets; vector tiles,Releases through 2025,India; district; postal; forest; police,Historical and current admin products,admin boundaries; postal; forest; coastal; police,Best-in-class release packaging of Indian administrative boundaries,Track asset-level licenses (many CC0 with attribution ask),gh-india-geodata; gh-datameet-maps,Basemap and historical district work,good-starting,,github-community,github-repo,,,,,ramSeraph/indian_admin_boundaries
gh-indian-shapefiles,"INDIAN-SHAPEFILES — admin, highways, railways, metros",INDIAN-SHAPEFILES,datta07 shapefiles,GitHub,datta07,geospatial-remote-sensing,Geospatial & Remote Sensing,geospatial-remote-sensing; infrastructure-transport,geospatial; transport,geojson; github,open-download,https://github.com/datta07/INDIAN-SHAPEFILES,,Large,GeoJSON; raw files,High visibility community repo,India,Broad coverage snapshot,admin polygons; highways; railways; metros,Broad India shapefile/GeoJSON coverage for visualization,MIT on repo; source-level checks still needed,gh-datameet-maps; osm-india,Transport and admin basemaps,,,github-community,github-repo,,,,,datta07/INDIAN-SHAPEFILES
gh-india-votes-data,india-votes-data — ECI results ETL (SQLite/CSV/JSON),india-votes-data,india-votes,GitHub,thecont1,politics-governance,Politics & Governance,politics-governance,elections,sqlite; csv; json; github; active,open-download,https://github.com/thecont1/india-votes-data,,Large,SQLite; PostgreSQL pipeline; CSV; JSON,Active through 2026,India; constituency; assembly,Parliamentary and assembly results (ECI-sourced),candidates; votes; parties; constituency results,Normalized election results with export options and ECI provenance,MIT code/data packaging; always cite ECI as official source,lok-dhaba; eci-general-election-reports; gh-datameet-election-data,Election analysis and dashboards,good-starting,,github-community,github-repo,,,,,thecont1/india-votes-data
gh-data-for-india,data-for-india — states/districts reference JSON,data-for-india,iaseth/data-for-india,GitHub,iaseth,data-catalogs,Data Catalogs & Archives,population-demography,demographics,json; reference; github,open-download,https://github.com/iaseth/data-for-india,,Medium,JSON,Updated 2023,India; state; district,Reference lookup tables,districts; states; lookup keys,"Clean reference JSON for apps (autocomplete, join keys)",Smaller scope than full census products,gh-india-geodata; census-pca-2011,Web app filters and joins,good-starting,,github-community,github-repo,,,,,iaseth/data-for-india
gh-colleges-api,colleges-api — AISHE-derived college directory,colleges-api,colleges-api,GitHub,PriyanKishoreMS,education,Education,education,education,api; csv; sql; github,open-download,https://github.com/PriyanKishoreMS/colleges-api,,Large,CSV; SQL dump; API (RDS discontinued),Updated 2023; marked unmaintained,India,"~43,000 colleges (AISHE-derived)",college directory fields; API endpoints,College directory downloads for education products,Hosted RDS discontinued; unmaintained — archival download,aishe; udise-plus,College lookup tools,,,github-community,github-repo; historical-archive,,,,,PriyanKishoreMS/colleges-api
gh-rural-facilities-pmgsy,rural-facilities-pmgsy — rural POIs from PMGSY sources,rural-facilities-pmgsy,PMGSY facilities,GitHub,Pratap Vardhan,infrastructure-transport,Infrastructure & Transport,infrastructure-transport; agriculture-rural; education,transport; agriculture; education,csv; github; official mirror,open-download,https://github.com/pratapvardhan/rural-facilities-pmgsy,,Very large,State CSVs; combined India ~120 MB,Last README update 2020; release 2021,India; state; rural,PMGSY rural facilities snapshot,agriculture; education; medical; transport; admin POIs,Rural facility points for accessibility analysis,GODL-India for data; freshness warning recommended,pmgsy-dashboard; gh-datameet-maps,Rural access and facility mapping,,,github-community,github-repo,,,,,pratapvardhan/rural-facilities-pmgsy
gh-nightlights-viirs,india-district-nightlights-viirs — district night-lights panel,Night lights VIIRS,VIIRS nightlights,GitHub,yashveeeeeeer,geospatial-remote-sensing,Geospatial & Remote Sensing,geospatial-remote-sensing; urban-development; public-finance,remote sensing; macroeconomy,csv; geojson; pipeline; github,open-download,https://github.com/yashveeeeeeer/india-district-nightlights-viirs,,Large,CSV panel; year-wise GeoJSON,Updated Mar 2026,India; district,"District panel (~8,333 rows described)",night-light radiance; district-year panel,District night-lights panel for urbanization and economic proxies,MIT for code; NOAA/DataMeet upstream terms for inputs,gh-india-geodata; census-pca-2011,Urban growth and economic proxy research,good-starting,,github-community,github-repo,,,,,yashveeeeeeer/india-district-nightlights-viirs
gh-datameet-covid19,datameet/covid19 — India COVID archive (sunsetted),datameet/covid19,DataMeet COVID,GitHub,DataMeet,health-nutrition,Health & Nutrition,health-nutrition,health,archive; github,open-download,https://github.com/datameet/covid19,,Large,raw files; backups,Sunsetted Oct 2022 — historical only,India; state,COVID pandemic archive,cases; public-health series; backups,"Historical COVID public-health archive, not live stats",Explicitly no longer updated,covid-r-estimates-india; hmis,Pandemic historical analysis,,,github-community,github-repo; historical-archive,,,,,datameet/covid19
gh-datameet-election-data,datameet/india-election-data — election dataset catalog,india-election-data,DataMeet elections,GitHub,DataMeet,politics-governance,Politics & Governance,politics-governance,elections,catalog; github; mixed license,open-download,https://github.com/datameet/india-election-data,,Medium,README catalog; docs,Updated 2019 — older catalog,India,Maps public election data landscape,links to public election datasets,Guide resource mapping Indian election open data sources,Mixed licenses; weaker as a single downloadable dataset,gh-india-votes-data; lok-dhaba,Finding election sources,,,github-community,github-repo; historical-archive; mixed-restricted,,,,,datameet/india-election-data
gh-udise-schools,datameet/udise_schools — geocoded school points,udise_schools,UDISE schools GH,GitHub,DataMeet,education,Education,education; geospatial-remote-sensing,education; geospatial,geocoded; github,open-download,https://github.com/datameet/udise_schools,,Very large,raw data; scripts,Updated 2021,India; school,~14 lakh schools (community notes),school locations; UDISE-related fields,School-point geospatial layer for education mapping,License not always surfaced; verify official UDISE terms,udise-plus; gh-colleges-api,School access maps,,,github-community,github-repo; metadata-incomplete,,,,,datameet/udise_schools
gh-india-maps-data,india-maps-data — GeoJSON/TopoJSON with CDN links,india-maps-data,udit-001 maps,GitHub,udit-001,geospatial-remote-sensing,Geospatial & Remote Sensing,geospatial-remote-sensing,geospatial,geojson; topojson; cdn; github,open-download,https://github.com/udit-001/india-maps-data,,Large,GeoJSON; TopoJSON; jsDelivr CDN,Developer convenience layer,India; state; district,Web delivery snapshot,state polygons; district polygons,Front-end map consumption via CDN,Provenance thinner than top geospatial repos,gh-datameet-maps; gh-indian-shapefiles,Quick web maps,,,github-community,github-repo; metadata-incomplete,,,,,udit-001/india-maps-data
gh-village-boundaries,datameet/indian_village_boundaries,Village boundaries,village boundaries,GitHub,DataMeet,geospatial-remote-sensing,Geospatial & Remote Sensing,geospatial-remote-sensing,geospatial,odbl; github; villages,open-download,https://github.com/datameet/indian_village_boundaries,,Very large,raw spatial; project site,Updated 2018 — older but important,India; village,Village boundary project,village polygons; rural boundaries,Village-level boundary layer with attribution guidance,ODbL share-alike; incomplete in places; older maintenance,gh-datameet-maps; census-pca-2011,Village choropleths,,,github-community,github-repo,,,,,datameet/indian_village_boundaries
